chn22mc030@ccn40-Vostro-3470:~$ mysql -u chn22mc30 -p
Enter password: 
ERROR 1045 (28000): Access denied for user 'chn22mc30'@'localhost' (using password: YES)
chn22mc030@ccn40-Vostro-3470:~$ mysql -u chn22mc30 -p
Enter password: 
Welcome to the MySQL monitor.  Commands end with ; or \g.
Your MySQL connection id is 8
Server version: 5.7.33-0ubuntu0.16.04.1 (Ubuntu)

-----------------------------------------------------------------------------------
mysql> use job;
Database changed
mysql> create table regions(region_id int primary key,region_name varchar(20));
Query OK, 0 rows affected (0.31 sec)

mysql> show columns from regions;
+-------------+-------------+------+-----+---------+-------+
| Field       | Type        | Null | Key | Default | Extra |
+-------------+-------------+------+-----+---------+-------+
| region_id   | int(11)     | NO   | PRI | NULL    |       |
| region_name | varchar(20) | YES  |     | NULL    |       |
+-------------+-------------+------+-----+---------+-------+
2 rows in set (0.00 sec)

mysql> show tables;
+---------------+
| Tables_in_job |
+---------------+
| regions       |
+---------------+
1 row in set (0.00 sec)
-----------------------------------------------------------------------------------
-----------------------------------------------------------------------------------
mysql> create table countries(country_id int primary key,country_name varchar(20),region_id int,foreign key(region_id)references regions(region_id));
Query OK, 0 rows affected (0.30 sec)

mysql> show columns from countries;
+--------------+-------------+------+-----+---------+-------+
| Field        | Type        | Null | Key | Default | Extra |
+--------------+-------------+------+-----+---------+-------+
| country_id   | int(11)     | NO   | PRI | NULL    |       |
| country_name | varchar(20) | YES  |     | NULL    |       |
| region_id    | int(11)     | YES  | MUL | NULL    |       |
+--------------+-------------+------+-----+---------+-------+
3 rows in set (0.00 sec)

-------------------------------------------------------------------------------------------

mysql> create table locations(location_id int primary key,street_address varchar(100),postal_code varchar(20),city varchar(100),state_province varchar(50),country_id int,foreign key(country_id)references
countries(country_id));
Query OK, 0 rows affected (0.31 sec)

mysql> show columns from locations;
+----------------+--------------+------+-----+---------+-------+
| Field          | Type         | Null | Key | Default | Extra |
+----------------+--------------+------+-----+---------+-------+
| location_id    | int(11)      | NO   | PRI | NULL    |       |
| street_address | varchar(100) | YES  |     | NULL    |       |
| postal_code    | varchar(20)  | YES  |     | NULL    |       |
| city           | varchar(100) | YES  |     | NULL    |       |
| state_province | varchar(50)  | YES  |     | NULL    |       |
| country_id     | int(11)      | YES  | MUL | NULL    |       |
+----------------+--------------+------+-----+---------+-------+
6 rows in set (0.00 sec)
--------------------------------------------------------------------------------------------

mysql> create table department(department_id int primary key,department_name varchar(100),location_id int,foreign key(location_id)references locations(location_id));
Query OK, 0 rows affected (0.36 sec)

mysql> show columns from department;
+-----------------+--------------+------+-----+---------+-------+
| Field           | Type         | Null | Key | Default | Extra |
+-----------------+--------------+------+-----+---------+-------+
| department_id   | int(11)      | NO   | PRI | NULL    |       |
| department_name | varchar(100) | YES  |     | NULL    |       |
| location_id     | int(11)      | YES  | MUL | NULL    |       |
+-----------------+--------------+------+-----+---------+-------+
3 rows in set (0.01 sec)

----------------------------------------------------------------------------------------------


mysql> create table jobs(job_id int primary key,job_title varchar(200),min_salary int,max_salary int);
Query OK, 0 rows affected (0.30 sec)

mysql> show columns from jobs;
+------------+--------------+------+-----+---------+-------+
| Field      | Type         | Null | Key | Default | Extra |
+------------+--------------+------+-----+---------+-------+
| job_id     | int(11)      | NO   | PRI | NULL    |       |
| job_title  | varchar(200) | YES  |     | NULL    |       |
| min_salary | int(11)      | YES  |     | NULL    |       |
| max_salary | int(11)      | YES  |     | NULL    |       |
+------------+--------------+------+-----+---------+-------+
4 rows in set (0.01 sec)
---------------------------------------------------------------------------------------------

mysql> create table managers(manager_id int primary key,manager_name varchar(200));
Query OK, 0 rows affected (0.40 sec)

mysql> show columns from managers;
+--------------+--------------+------+-----+---------+-------+
| Field        | Type         | Null | Key | Default | Extra |
+--------------+--------------+------+-----+---------+-------+
| manager_id   | int(11)      | NO   | PRI | NULL    |       |
| manager_name | varchar(200) | YES  |     | NULL    |       |
+--------------+--------------+------+-----+---------+-------+
2 rows in set (0.01 sec)

------------------------------------------------------------------------------------------

mysql> create table employees(employee_id int primary key,first_name varchar(200),last_name varchar(200),email varchar(200),phone_num varchar(10),hire_date date,job_id int,salary int,manager_id int,department_id int,foreign key(job_id)references jobs(job_id),foreign key(manager_id)references employees(employee_id),foreign key(department_id)references department(department_id));
Query OK, 0 rows affected (0.40 sec)

mysql> show columns from employees;
+---------------+--------------+------+-----+---------+-------+
| Field         | Type         | Null | Key | Default | Extra |
+---------------+--------------+------+-----+---------+-------+
| employee_id   | int(11)      | NO   | PRI | NULL    |       |
| first_name    | varchar(200) | YES  |     | NULL    |       |
| last_name     | varchar(200) | YES  |     | NULL    |       |
| email         | varchar(200) | YES  |     | NULL    |       |
| phone_num     | varchar(10)  | YES  |     | NULL    |       |
| hire_date     | date         | YES  |     | NULL    |       |
| job_id        | int(11)      | YES  | MUL | NULL    |       |
| salary        | int(11)      | YES  |     | NULL    |       |
| manager_id    | int(11)      | YES  | MUL | NULL    |       |
| department_id | int(11)      | YES  | MUL | NULL    |       |
+---------------+--------------+------+-----+---------+-------+
10 rows in set (0.00 sec)

---------------------------------------------------------------------------------------------

mysql> create table dependents(dependent_id int primary key,first_name varchar(200),last_name varchar(200),relationship varchar(100),employee_id int,foreign key(employee_id) references employees(employee_id));
Query OK, 0 rows affected (0.31 sec)

mysql> show columns from dependents;
+--------------+--------------+------+-----+---------+-------+
| Field        | Type         | Null | Key | Default | Extra |
+--------------+--------------+------+-----+---------+-------+
| dependent_id | int(11)      | NO   | PRI | NULL    |       |
| first_name   | varchar(200) | YES  |     | NULL    |       |
| last_name    | varchar(200) | YES  |     | NULL    |       |
| relationship | varchar(100) | YES  |     | NULL    |       |
| employee_id  | int(11)      | YES  | MUL | NULL    |       |
+--------------+--------------+------+-----+---------+-------+
5 rows in set (0.00 sec)

--------------------------------------------------------------------------------------

mysql> insert into regions(region_id,region_name)values(1,"Asia"),(2,"South America"),(3,"Africa"),(4,"Europe"),(5,"Antartica");
Query OK, 5 rows affected (0.04 sec)
Records: 5  Duplicates: 0  Warnings: 0

mysql> select * from regions;
+-----------+---------------+
| region_id | region_name   |
+-----------+---------------+
|         1 | Asia          |
|         2 | South America |
|         3 | Africa        |
|         4 | Europe        |
|         5 | Antartica     |
+-----------+---------------+
5 rows in set (0.00 sec)

insert into locations
mysql> insert into countries(country_id,country_name,region_id)values(1001,'India',1),(1002,'Argentina',2),(1003,'Brazil',3),(1004,'Canada',4),(1005,'France',5);
Query OK, 5 rows affected (0.05 sec)
Records: 5  Duplicates: 0  Warnings: 0

mysql> select * from countries;
+------------+--------------+-----------+
| country_id | country_name | region_id |
+------------+--------------+-----------+
|       1001 | India        |         1 |
|       1002 | Argentina    |         2 |
|       1003 | Brazil       |         3 |
|       1004 | Canada       |         4 |
|       1005 | France       |         5 |
+------------+--------------+-----------+
5 rows in set (0.00 sec)

mysql> insert into locations(location_id,street_address,postal_code,city,state_province,country_id)values(2001,"Bhavan",699991,"tvm","tvm",1001),(2002,'Wuhan',689456,"china","china",1002),(2003,"Sao Paulo",234567,"Brazil","Brazil",1003),(2004,"Toronto",678989,"Ontario","Canada",1004),(2005,"Italy",699845,"Milan","Rome",1005);
Query OK, 5 rows affected (0.05 sec)
Records: 5  Duplicates: 0  Warnings: 0

mysql> select * from locations;
+-------------+----------------+-------------+---------+----------------+------------+
| location_id | street_address | postal_code | city    | state_province | country_id |
+-------------+----------------+-------------+---------+----------------+------------+
|        2001 | Bhavan         | 699991      | tvm     | tvm            |       1001 |
|        2002 | Wuhan          | 689456      | china   | china          |       1002 |
|        2003 | Sao Paulo      | 234567      | Brazil  | Brazil         |       1003 |
|        2004 | Toronto        | 678989      | Ontario | Canada         |       1004 |
|        2005 | Italy          | 699845      | Milan   | Rome           |       1005 |
+-------------+----------------+-------------+---------+----------------+------------+
5 rows in set (0.00 sec)


